Model,CV RMSE,CV Std
Stacking Ridge,0.12266955509234652,0.020086398711111488
Weighted Averaging,0.12272952020019767,0.019813757417416127
CatBoost,0.12291900894844363,0.017279389587329677
Averaging Ensemble,0.12468182145774506,0.02475775645113445
XGBoost,0.1255134938476361,0.02195958119419076
LightGBM,0.12999195365744887,0.01899247737059834
Random Forest,0.14015795280755242,0.016749452548893807
ElasticNet,0.14285,0.04202
Lasso,0.14428,0.04247
Ridge,0.14678,0.03933
Linear Regression,0.1527432743095968,0.0470214435017469
DNN,0.1563216241105072,0.05703905561863487
Decision Tree,0.19017408104710762,0.012150645303660406
